PROD_NA/INDUSE,A01,A02,A03,B,C10-12,C13-15,C16,C17,C18,C19,C20,C21,C22,C23,C24,C25,C26,C27,C28,C29,C30,C31_32,C33,D,E36,E37-39,F,G45,G46,G47,H49,H50,H51,H52,H53,I,J58,J59_60,J61,J62_63,K64,K65,K66,L,M69_70,M71,M72,M73,M74_75,N77,N78,N79,N80-82,O,P,Q86,Q87_88,R90-92,R93,S94,S95,S96,T,U,TOTAL,P3_S14,P3_S15,P3_S13,P3,P51G,P53,P52,P5M,P5,P6_B0,P6_U2,P6_U3,P6_D0,P6,TFU,TU
A01,497.7,9.6,0,0.3,806,12.5,0,0.7,0,0.7,46.5,0,111,0.2,0.5,2.2,1.3,2.3,0.6,0,0.3,1.1,3.1,0.1,0.1,0.2,1,0,62.5,26.9,0.1,0,0,0.3,0,4.7,0,0.4,0.8,2,0.2,0,0.1,2.4,1.4,0.1,0.6,1.7,0,0.9,0.1,0,3.6,2.9,5.6,3.3,4.4,0.3,0.1,1.6,0,0.6,0,0,1625.2,1087.2,0,1.4,1088.5,35.5,0,2.6,2.6,38.1,608.7,,,23.4,632.2,1758.8,3384
A02,7,385.3,0,2.2,1.6,0.1,225.5,102.2,0,0,0,0,0,0.3,0.2,0.5,0.7,0.5,2.5,0,0,0.9,0.8,17,0.8,0.6,2.2,0,28.3,9,5.5,0,0,0.1,0,7.6,0,0.2,0.2,0.7,0.1,0,0,0,3,0.1,7.1,0.2,0,0.7,0,0,7.8,0.7,0,0.1,0.1,0,0,1.5,0,0,0,0,823.5,17.8,0,0,17.8,0,0,-3.3,-3.3,-3.3,169,,,0.2,169.2,183.6,1007.1
A03,0,0,0,0,5.8,0,0,0,0,0,0,0,0,0,0,0,0,0,0,0,0,0,0,0,0,0,0,0,0,0.1,0,0,0,0,0,0,0,0,0,0,0,0,0,0,0,0,0,0,0,0,0,0,0,0.1,0.1,0,0.1,0,0,0.8,0,0,0,0,7.1,8.8,0,0,8.8,0,0,-0.1,-0.1,-0.1,1.9,,,0,1.9,10.6,17.7
B,6.9,10.4,0,56.1,4.2,0.1,4.2,1.1,0,2275.6,6.2,0,0.4,125.2,879.5,0.3,0.7,0.7,0.3,0.3,0.1,0.1,0.5,2257,2.9,2.3,115.3,0,5.4,1.9,2.3,0,0,10,0,0.3,0,0.5,0,0.2,0,0,0,67.6,0.1,5.7,0,0.1,0.9,1.4,0,0,0.9,0.3,4.3,0.1,0.5,0.1,0.1,0.3,0,2.7,0,0,5856.2,67,0,0,67,0,0,19,19,19,121.5,,,52.2,173.7,259.7,6116
C10-12,83.9,0.2,1.1,0.1,565,0.6,0.1,3.8,0.1,0.3,8.5,4.2,0.4,0.1,0.6,0.1,0.3,0.4,0.5,0,0,0.3,0.7,0.2,0,0.3,0.9,0,19.9,28.6,0.7,0,0,0.1,0,154,0,2.8,0.3,0.8,0.1,0.1,0.2,1.6,4.4,0,1.2,1.4,0.1,1.7,0.1,0.4,3.2,0.6,29.3,30.8,20.2,0.2,1.3,2.5,0,0.1,0,0,979.2,4333.9,0,0,4333.9,0,0,1.9,1.9,1.9,1448.3,,,62.7,1510.9,5846.7,6825.9
C13-15,0.4,0.3,0,0.2,2.6,214.8,1.1,9.6,0.4,0,0.2,0.2,5.6,1.1,2,0.6,0.4,1,1.3,116.7,0.1,6.1,0.9,1.5,0.4,0.7,2.4,1.3,12.6,23.4,2.2,0,0,4.5,0,0.6,0.2,1,1,0.7,0.1,0.1,0.2,1.6,0.4,0.2,0.2,1.3,0.2,3.2,0.7,0.1,4.7,9.1,3.4,3.6,1,0.7,1.6,0.3,0.1,1.3,0,0,452.1,1097,0,0,1097,3.9,0,8,8,11.8,1608.6,,,169.7,1778.3,2887.1,3339.2
C16,4,0.7,0,2.8,5.4,1.7,339.7,8.2,2.6,0.2,3.6,0,6.4,32.5,10.1,10,2.7,13.1,16.3,7.2,11.9,249,2.6,3.7,0.1,0.9,282.3,0.1,52.3,41.4,1.4,0,0,4.2,0.1,11.8,0.2,0,6.1,3,0.1,0.1,0.8,13.1,1.7,0,0.1,9.8,36.2,6.4,1,0,40.8,0.7,0.5,5.9,0.3,17,0.7,0.1,0.1,5.1,0,0,1278.7,68.3,0,0.1,68.4,5.4,0,19.1,19.1,24.5,561.3,,,32.3,593.6,686.5,1965.2
C17,3,0.1,0.1,1.1,92.7,8.2,5.8,213.4,73.6,0.2,10.9,8.5,7,14.7,7,7.1,17.6,8.9,10.7,7.4,0.1,6.5,1,4.7,0.2,0.7,2.2,1,28.2,30.3,1.2,0,0.1,1,2.1,3.9,57.2,1.3,2.3,0.7,2.9,0.9,4.5,3.9,8.7,1,2.2,18.6,4.7,2.6,0.8,28.5,11.9,14.8,7.8,5.9,1.8,1.4,0.7,2.3,0.1,0.1,0,0,768.5,236.6,0,0,236.6,0,0,7.9,7.9,7.9,818.3,,,123.6,942,1186.5,1955
C18,0.1,0.1,0,0.1,0.3,0.1,0,0.5,18.9,0,0.1,0,2.8,0.1,0.1,0,6.7,0.3,2.7,2.1,0,0.1,0.4,0.2,0,0.1,0.5,0.6,10.4,4.3,0.3,0,0,0.1,0.7,0.4,44.6,0.9,3,0.6,1.7,0.8,0.4,0.4,1,0.3,0.7,24.6,0,0.9,0,0.8,0.2,6.9,4.4,4,0.5,1.3,0.5,3.5,0,0,0,0,154.9,124.9,0,1,125.9,0,0,4.8,4.8,4.8,2.7,,,0,2.7,133.4,288.2
C19,85,4.5,0.8,8.7,37.2,4.3,18.6,3.5,0.8,391,310.7,0.4,6.5,16.4,68.6,13.3,5.2,5,10.3,45.5,2,2.9,15.2,96,2.4,17.3,68.6,18.4,79.7,58.4,482.7,6.5,9,12.2,2.7,8.9,1.2,5.6,4.8,10.6,1.3,1.2,0.9,4.8,8.2,0.2,0.6,8.1,7.8,16.8,0.9,1.1,8.4,8.8,6.9,15,1.2,1.7,2.4,2.2,2.8,2,0,0,2044.5,596.9,0,0,596.9,0,0,65.1,65.1,65.1,1939.2,,,33.1,1972.3,2634.2,4678.7
C20,193.8,0.7,0.1,7.9,51.6,65.9,21.4,97.7,14.8,36.7,440.6,28.4,506.1,43.3,119.6,21.2,25.3,64.8,48.6,166.6,8.2,21.7,1.2,42.9,1.9,3.3,52.8,1.7,28.1,12,2,0,0,3.1,0,0.5,30,0.7,0.5,0.1,0.2,0.1,0.2,2.4,0.2,0.7,14.9,9.3,0.7,9.2,0.1,0,5.1,4.5,2,36,2.2,0.3,0.7,0.6,0,1.2,0,0,2255.7,537.3,0,0,537.3,0,0,38.2,38.2,38.2,1612.8,,,212.1,1824.9,2400.3,4656
C21,0.3,0,0,0,0.1,0,0,0,0,0,0.8,5.6,0,0,0,0,0,0,0,0,0,0.1,0,0,0,0,0,0,0.1,0,0,0,0,0,0,0,0,0.1,0,0,0,0,0,0,0,0,0.4,0,2.1,0,0,0,0,2.2,0.3,67.2,0.3,0,0.1,1.9,0,0,0,0,81.6,416.9,0,942.8,1359.7,0,0,-7.6,-7.6,-7.6,226.3,,,102.6,328.8,1681,1762.5
C22,25.2,0.6,0,7.8,77.1,40.5,4.7,51,4.3,1.1,47.7,3.3,508.1,19.5,7.1,47.1,573.3,105.1,56.6,470.2,1.1,41.7,2.4,6.7,3.1,17.6,166.1,19.1,32.4,24,54.9,0,0.6,4.4,0.1,1.9,2.6,0.2,2.3,1.1,1,0.1,0.5,4.7,0.8,3,0.2,6.7,1.4,3.3,2.1,0.1,20.3,0.8,0.9,15.6,0.1,0.1,0.2,0.2,0,0,0,0,2494,191.2,0,0,191.2,4.5,0,30.1,30.1,34.6,1771.5,,,176.4,1947.9,2173.7,4667.7
C23,4.6,0.1,0,8.6,21.4,3.2,2.7,2,0.1,0.5,12.2,3.9,22.4,246.1,143.7,28.3,3.5,24.8,11.2,8,0.8,2.7,0.1,4.6,0.6,6.5,642.7,0.3,17.6,8.8,9.9,0,0,0.3,0,1.6,0,0.1,0.6,0.3,0.1,0,0.1,17.5,4.2,1.7,5.9,0.5,0.2,1.6,0,0,2.6,0.5,20.4,1.6,0.2,0,0.1,0.6,0.1,2.2,0,0,1304.3,232.4,0,0,232.4,0.2,0,-9.9,-9.9,-9.7,607.5,,,86.6,694.1,916.8,2221.1
C24,0.7,0.4,0,1.6,9.8,0.9,2,0.3,0.7,3.7,6.1,0.1,21.2,13.1,916.2,302.3,70.7,123.8,358.2,266.2,41.5,19.6,25.8,27.1,0.4,0.7,180,0.5,57.2,14.8,0.6,0,0,2.4,0,0.1,0.6,0.1,0.3,1.6,0.2,0,0,2.2,1.7,2,2.7,0.9,0,4.9,0,0,0.9,0.2,0.1,0.7,0,0.1,0,0,0.1,0,0,0,2487.9,24.7,0,0,24.7,0,0,269.9,269.9,269.9,3086.2,,,492.9,3579.2,3873.8,6361.7
C25,8.5,1.6,0.1,4.3,12,7.2,26.1,17.5,2.5,0.5,7.9,0,83.9,17.1,109.2,1181.3,36,106.9,480.5,652,60.7,114.5,116.7,22.1,0.5,3.5,167.4,0,34.8,31.5,1.9,0,0,0.9,0,1.2,1.2,0.2,1.4,1.4,0.1,0.1,0.3,8.5,5.6,12,3.7,4.3,3.5,1.3,10.2,0.1,9.2,1.5,0.2,3.3,0.2,0.1,0.3,0.2,0.1,0.2,0,0,3379.6,111.9,0,0,111.9,637.1,0,152.2,152.2,789.3,1758.9,,,246.5,2005.4,2906.5,6286.2
C26,0.3,0.2,0,0.4,1.8,0.7,0,0,0.2,0,6.8,0,7.9,0.1,6.6,14.4,3599.6,186.5,185.7,13.4,11.8,2.3,38.1,16.1,6.8,3.8,11.3,3.9,86.4,29.2,9.4,0,1,0.6,0,1.2,23.5,2.3,10.3,6.9,0.5,0.1,0.2,11,1.2,6.3,0.3,7.4,8.7,2.6,0.1,0,7.1,22.3,6.6,7.5,0.6,0.9,0.1,0.3,5.4,0.8,0,0,4379.4,900.2,0,4.9,905.1,956.4,0,245.7,245.7,1202,7580.5,,,1676.3,9256.8,11364,15743.4
C27,3.3,0.1,0,6.1,5.9,1.5,0.7,0.7,0.2,0.5,5,0,17.6,1,0.7,8.1,180.5,530.9,74.8,282.2,13.4,5.7,72.3,83.5,0.3,9.6,305.7,3.9,190.4,76.5,40.8,0,1.7,5.5,0,0.9,0.1,3.5,28.4,12.7,1,0.1,0.2,10.8,4.5,44.3,1.7,4.8,11.8,5.7,0.1,0.1,10.5,2,1.2,4.3,0.7,0.5,0.1,0.2,39.2,0.2,0,0,2118.7,340.9,0,0,340.9,263,0,107.4,107.4,370.4,2321.4,,,357,2678.5,3389.7,5508.4
C28,18.2,0.1,0,2.8,5.7,1,3.3,1.4,0.4,0.8,60.1,2.1,1.2,5.7,5.5,114.9,1.1,71.6,134.2,160.7,1.1,1.6,20.8,1.3,2,1.4,33,1.8,35,15.4,2.9,0,0.6,0.2,0.1,0.2,0.2,4.3,0.2,1.5,0.1,0,0.1,5.5,3.9,0.5,8.4,5.6,0.1,1.5,0,0,0.8,8.5,0.5,0.5,0.7,0.4,0,0.7,0,0.1,0,0,752.5,44,0,0,44,2066.3,0,107.1,107.1,2173.5,2447.3,,,963.7,3410.9,5628.4,6380.8
C29,3.8,0.2,0.7,0.3,1.4,0,1.2,0,0,0,0,0,14.4,0.2,0,10.1,2.1,15.1,8.3,6696.6,3.3,55.1,2.4,0.1,0.3,2,1.8,104.4,12.2,5.5,64.7,0,0,2.4,0,0.4,0,0.2,0.3,0.5,0.1,0,0.1,0.1,0.6,0.7,1.7,0.5,0.5,1.2,0.1,0,1,0.4,0.1,0.4,0.1,0.1,0.3,0,0,0,0,0,7017.8,792.6,0,0,792.6,1247.8,0,88.5,88.5,1336.2,7607.1,,,3036.8,10643.9,12772.7,19790.5
C30,0,0,0,0.3,0,0.1,0,0,0,0,0,0,0,0.5,0,0,0,0.1,0,0.1,101.4,0,66.2,0,0,0,0.1,1,0,0,81.1,0,7.4,1.5,0,0,0,0,0,0,0,0,0,0,0,0,0,0,0,2,0,0,0,0,0,4.6,0,0,0.1,0,0,0,0,0,266.7,79.9,0,0,79.9,129,0,-60.5,-60.5,68.5,288.1,,,126.4,414.5,562.8,829.5
C31_32,4.2,0.4,0,0.4,2.7,1.2,8.8,0.2,0.1,0.2,0.5,0,2.3,2.6,0.8,7.1,4.3,4,2.4,6.6,0.3,13.9,4.5,0.7,0.1,0.4,24.4,4.1,32.6,27,1.5,0,0,0.4,0.1,52.1,0.7,1.8,0.6,5.6,10.2,0.1,0.2,7.4,5.1,0.1,0.6,2.6,0.5,3.7,0.4,1.6,4.5,9.4,15,72.4,2.2,3.1,7,1.9,3.2,0.1,0,0,371,623.5,0,76.9,700.5,54.6,0,-3.5,-3.5,51.1,1064.9,,,171.8,1236.6,1988.2,2359.2
C33,21.3,1.9,0,13.9,31,5.5,7.1,23.3,3.2,38.2,30.6,6.2,16.8,21.8,82.7,13.2,22.2,10.7,33.4,100.8,20.1,5.2,197.6,157.5,12.4,12.8,57.3,2.7,64.2,25.9,19.6,1.4,0.2,30,2.5,8,1.1,4.1,2.1,1.9,2.5,0.3,0.5,17.9,2,129.3,2.3,5.5,25.3,17.2,0.2,0,6,79.4,3.8,131,1.3,0.7,14.5,1.8,0.1,2.2,0,0,1554.2,6.3,0,0,6.3,0.1,0,4.7,4.7,4.8,0,,,0,0,11.1,1565.4
D,97.2,3.1,0.7,18.1,111.9,26,23.5,47.3,4.3,99.1,218.6,12,44.9,68.3,241.8,84.5,22.1,23.7,34.1,130.7,3.6,11.7,8.7,4307.1,20.9,21.7,27.5,40.5,103.6,140.7,260.8,1.9,0.2,27.5,12.7,105.6,3.8,25.2,32.4,12.4,11.2,4.1,1.2,77.7,39.6,5.2,19.2,14.4,17.4,13.6,1.7,2.5,17.1,221.2,168.6,93.8,32.6,17.4,23.9,26.8,0.9,30.3,0,0,7320.6,3029,0,0,3029,0,0,146.9,146.9,146.9,29.5,,,4.8,34.3,3210.2,10530.8
E36,1.5,0.1,0,0,1.5,0.5,0.1,0.7,0,0.2,2.1,0.2,0.2,0.4,0.9,2,0.3,0.1,0.3,1.7,0,0,0.1,8.2,3.3,1.9,0.3,0.5,0.8,1,0.2,0,0,0.4,0,1.1,0,1.3,0,0,0.1,0,0,8.2,0.3,0.1,1.3,0.1,0.1,0.1,0,0,0.2,23.3,16.8,5.3,4,0.8,1.4,2.1,0,0.1,0,0,95.9,221.7,0,0,221.7,0,0,2.9,2.9,2.9,0,,,0,0,224.6,320.5
E37-39,2.4,0,0,0.4,9.4,1.9,0.4,3.4,0.4,0.3,5.1,2.1,2.7,4.8,14.3,2,3,1.6,4.6,13.6,0.8,0.9,2.9,58.7,3.8,24.8,7.6,2.3,8.7,7.3,0.8,0.1,0,0.9,0.2,1.6,0.2,3.9,0,0.2,0,0,0,1.7,1.3,0.5,0.5,0.3,0.8,0.4,0,0,2.4,119.5,4.5,12,1.5,0.2,0.8,2.1,0.1,0.6,0,0,347.3,301.5,0,27.3,328.8,0,0,17.1,17.1,17.2,426.4,,,7.8,434.2,780.2,1127.4
F,30.6,9.3,0.1,16.1,13.3,3.9,1,0.5,0.4,0.6,11.6,0.1,16.8,9.4,9.4,35.5,12.4,37.6,22.7,5.3,4.5,4.2,36.2,54.4,15,29.7,4658.9,16.1,104.2,74.3,68,0.1,0.1,99.1,6.8,17.4,0.1,10.1,22.3,16.5,4.2,2,0.6,1002.9,14.3,40.7,6.8,3.3,18,8.5,6.5,43.8,41.5,63.8,59.9,33.2,5.4,3.2,4.5,17.8,1.4,13.1,0,0,6869.4,572.2,0,7,579.2,6553.3,0,0,0,6553.3,95.9,,,29.5,125.4,7257.9,14127.3
G45,17.3,4.3,0.5,1.3,18,1.9,10.4,0.8,0.5,0.1,2,0.9,10.4,2.1,1.5,5.5,4.5,10.2,7.9,253,6.1,2.9,11.9,4.5,2.5,17.7,28,143.4,51.2,40.4,183.3,0.2,1.7,9.2,6,7.8,2.3,2.1,5.1,10.5,4.8,1.5,1.2,4.1,11.8,0.3,1.8,7.1,4.2,52.3,1.3,0.7,8.2,14,3.6,13,0.8,1.3,1.6,1,0.8,5.4,0,0,1030.5,396,0,0,396,141.6,0,0,0,141.6,56.8,,,0,56.8,594.5,1624.9
G46,116.7,4.8,0.5,13.9,242.5,65.8,66.2,120.3,15.4,79.4,150.2,8.3,216.1,113.7,190.5,279.3,589.2,208.2,173.4,286.1,16.1,60,64.3,125.4,4.1,15,401.7,22.2,601.5,220.6,84.2,0.9,0.8,7.5,1,59.5,20.2,2.4,16.2,34.6,14.8,1,1,41.6,25.3,13.1,7.7,32.1,9.5,24.9,2.2,2.5,31.9,32.3,36,74.2,10.8,2.7,4.3,5.5,8.6,0.2,0,0,5080.4,995.3,0,167.7,1162.9,572.3,0,0,0,572.3,507.3,,,16.7,524,2259.2,7339.6
G47,43.6,2.3,0.2,4.2,94.1,24.9,27.1,33.9,6.6,25.8,63.7,3.4,91.7,40,72.8,94.2,246.1,83.8,70.9,228.6,7.5,26,21.5,55,1.9,5.5,170.1,0.5,59.3,34.3,46.5,0.3,0.9,3.3,0.3,25.9,9.5,1,5,3.4,2.5,0.4,0.4,9.2,2.8,5.8,3.6,7,3.1,3.8,0.4,1.2,7.9,14,15.5,32.2,4.7,1.3,1.6,2.5,3.3,0.6,0,0,1859.1,2934.2,0,72.6,3006.8,309.5,0,0,0,309.5,219.2,,,0,219.2,3535.5,5394.5
H49,23.8,14.2,0.3,29.5,151.7,26.1,58.8,70.8,4.5,44.3,55.1,2.6,71,104,217.4,83.2,170.6,55.3,63,311.4,6.6,16.9,30.3,18.3,5.2,13.1,183.5,14.2,181.7,119.3,487.6,0,0.3,539.3,21.9,13.5,8.2,1,3.7,8.6,1,0.6,0.7,9.7,60.8,0.2,3.5,9.1,1.6,11.5,0.6,1.1,13.4,20.4,9.8,10.1,2.2,3,7.7,7.5,0.9,0.9,0,0,3407,1094.1,0,102.1,1196.3,108.4,0,0,0,108.4,1042.5,,,257,1299.5,2604.2,6011.1
H50,0.1,0,0,0,0.3,3,0.1,0.1,0,1.9,0.1,0,0.3,0.3,7.1,0.4,1.2,0.5,0.2,0.7,0.1,0.3,0.7,0.1,0.1,0.1,1.5,0,1.9,0.4,4,0.4,0,25.8,0,0.1,0,0,0,0.1,0,0,0,0.1,0.2,0,0,0,0,0.1,0,0,0,0,0,0.1,0,0,0,0,0,0,0,0,52.7,79.8,0,0,79.8,0.9,0,0,0,0.9,7.7,,,1.5,9.2,89.9,142.6
H51,0,0,0,0,0.1,2.5,0,0,0,0,0.1,0,0.1,0.1,0.1,0.1,1.9,0.3,0.4,0.4,0,0,0.2,0.2,0,0,0.7,0,0.4,0.2,1.2,0,1.4,7.8,5.2,0.4,0,0.4,0.1,0.2,0,0,0,0,0.5,0,1.6,0.1,0.1,0.4,0,22,0,9.1,0.2,0.1,0.5,0.1,1.2,0.5,0,0,0,0,60.8,108.5,0,0,108.5,0.3,0,0,0,0.3,34,,,3.3,37.2,146,206.8
H52,0.7,0.6,0.1,0.6,21.7,0.2,1.3,12.7,1.8,0.6,4,0,14.5,1.3,75.6,0.2,6.6,1.6,0.9,44.2,3.2,0.7,26.5,174,0.2,6.2,42.3,1.7,27.9,14.5,590.1,10.9,1.3,927,1,0,1.4,2.9,3.7,1.4,0.3,0.3,0.5,7.5,1.4,0.2,1.9,1.7,0.2,0.1,0.5,0,4.8,54,0.2,0.2,0,0.1,0,0.1,0,0.3,0,0,2100,79.9,0,170.2,250.1,0.1,0,24.2,24.2,24.2,137.8,,,42.4,180.2,454.5,2554.5
H53,1,0.1,0.1,0.2,1.2,0.7,0.4,0.4,2.5,1,0.7,0,0.1,0.5,1.1,0.9,1.9,1.4,0.6,1.2,0.2,0.4,1,11.8,2.1,1.2,1.3,2,16.5,11.8,2.1,0,0.4,2.5,128.9,1,6.5,1.8,17.1,5.4,13.6,11.7,1.6,1.1,4.6,0.1,1,7.4,0.3,1.1,0.2,1.1,0.6,58.1,4.3,3.2,0.6,1,0.4,2.6,0.5,1.3,0,0,346.1,108.6,0,0,108.6,0,0,0,0,0,50.7,,,15.1,65.8,174.4,520.5
I,0.1,0.3,0,0.1,1.5,0.2,0.1,0.3,0,0,0.9,0,0.2,0.4,0.2,2.2,0.8,0.6,1.1,1.5,0.1,0.2,1,0.1,0,0.2,5.5,0.5,4.4,2.5,6.5,0.3,0.1,1.8,0.1,1,0.4,0.4,0.2,3.8,0.4,0.4,0.5,0.4,6.1,0.4,7.4,3,0.6,1.6,1.4,68.4,0.9,80.1,18.7,1.6,9.3,3,10.2,10.5,0.1,0,0,0,264.2,1422.6,0,9.8,1432.3,0,0,0,0,0,627.4,,,0,627.4,2059.8,2323.9
J58,0.4,0,0,0.1,0.4,0.4,0,0.3,0.1,0.4,0.2,0,0,0.4,2.4,0.3,8.6,0.6,0.5,2.8,0,0.2,0.8,2.3,0.1,0.1,0.3,2.1,17.1,12,9,0,0,0.7,0.3,0.1,18.9,1.3,0.2,25.2,1.4,1.9,0.7,3.2,7.1,0.1,2.1,5.1,0.1,3,0,1.2,0.4,12.9,8.2,5,0.6,1.6,2.4,4.8,0,0,0,0,170.1,389.6,0,2,391.6,0.5,0,0.5,0.5,1,189,,,14.9,203.8,596.5,766.6
J59_60,0,0,0,0,0,0,0,0,3.8,0,0,0,0,0,0,0,5.1,0,0.2,0,0,0,0,0,0,0,0,0,0.6,0.8,0,0,0,0,0,0.1,2.4,25.1,0.9,0.5,0,0,0,0.1,0.1,0,0,3,0,0,0,0,0,1.5,0,0,0.8,2.6,0,0.8,0,0.1,0,0,48.5,281.8,0,115,396.8,6.2,0,0.2,0.2,6.4,24.3,,,3,27.3,430.5,479
J61,6.4,0.7,0.1,1,7.3,3.6,3.5,1.3,0.9,0.2,4.1,0.6,3.7,2.1,8.8,4.2,10.1,4.5,4.8,10.3,0.9,1.7,6,6.2,1.8,2.7,10.2,12,61.8,35.5,13.5,0.1,0.1,9.7,5.9,8.3,2.4,45.8,503.6,30.2,17,6.2,1.7,8.8,28.1,1.4,3.5,13.2,6.1,14.4,1.7,3.2,25.5,90.1,14.7,15.6,3.2,15.1,3.1,5,1.6,3.2,0,0,1118.7,1142.2,0,0,1142.2,0,0,0,0,0,66.4,,,19.3,85.7,1227.9,2346.6
J62_63,0.7,0.1,0.1,0.5,10,1.1,0.3,2.6,0.4,2.6,1.3,0.1,4.6,1.5,11.9,1.9,3.4,5.4,4.7,77.5,0.6,1.4,4,37.5,3.2,3,19.3,7.5,68.2,68.1,13.8,0.1,0.1,3.2,5.2,0.6,22.7,16.2,25.7,311.9,33.4,10.2,2.7,13.8,15.2,0.8,0.7,15.9,0.7,2.2,1,5.2,4.7,69.1,4.5,4.9,1.1,1,1,2.5,0.2,0,0,0,933.7,0,0,43.6,43.6,1095.7,0,0,0,1095.7,200.6,,,61.8,262.4,1401.7,2335.4
K64,11.9,0.7,0.2,2.9,22,4.4,3.9,4.4,1.1,0.7,16.3,0.1,13.1,7.4,9.2,12.6,4.6,7.5,7,15.3,4.9,2.7,3.5,14.1,2.3,4.4,37.1,15.5,101.1,93.5,24.5,0,2.2,12.7,4.2,44.2,1.2,1.7,7,28.8,643.6,30.5,66.6,214.7,12.3,1.7,1.7,27.5,6,3.4,0.1,8.3,16.3,52.6,5.7,16.2,3.1,1.1,1.6,6.9,0.1,2.8,0,0,1673.4,1017.7,0,0,1017.7,0,0,0,0,0,195.2,,,7.9,203,1220.7,2894.1
K65,2.5,0.2,0,0.1,2.1,0.3,0.5,0.4,0.1,0.3,0.2,0.1,1.1,0.8,1.2,1.1,0.9,1,0.9,2.5,0.3,0.3,0.8,3.3,1.4,0.9,4.6,0.4,5.8,2.9,4.2,0,0,1.1,0.1,0.6,0.3,0.3,0.9,8,0,204.6,75.3,8.1,0.3,0.2,0.5,0.6,0,3.3,0.1,6.6,0.3,4.3,1.4,0.8,0.5,0.4,0.5,1.9,0,0,0,0,362.2,690.4,0.1,0,690.5,0,0,0,0,0,22.3,,,6.1,28.4,718.9,1081.1
K66,0.4,0,0,0,0.3,0,0,0.1,0.3,0,0,0,0.8,0.6,0.9,0.9,0.1,0.4,0.1,0.5,0,0,0,0.4,0,0.1,0.4,0,2.6,1.4,0.2,0,0,0,0,0,0.1,0,0.6,0.3,32.9,313.7,132.2,1.1,0.3,0,0.1,0.5,0.2,0.4,0.1,1,3.5,2.5,0.1,0.5,0.1,0.1,0.1,0.1,0,0,0,0,500.8,178.2,0,1.3,179.5,0,0,0,0,0,2.9,,,0.9,3.8,183.3,684.1
L,58.5,20.6,0.4,4.2,30.8,26.6,3.9,3.5,2.4,1.4,14,2.9,25.8,2.4,8.7,39,23.8,14.7,32.3,83.4,3.7,16.7,16,24.7,28.3,17.2,120.5,48.1,239.9,329.4,507.2,0.2,0,19.7,3.9,82.7,13.1,14.4,73.1,97.9,29.7,15.9,7.1,383.1,78.6,18.9,3.2,57.3,14.2,11.2,5.9,7.1,37.9,47.9,29.5,73,11.4,19.6,13.4,13.4,1.5,18.2,0,0,2953.9,4298.9,87,12.2,4398.1,0,0,0,0,0,0,0,0,0,0,4398.2,7352
M69_70,17.9,1.6,0.3,4.6,50.9,15.1,10.6,24.6,2.3,2,21.1,43.4,42.3,24.6,35.5,30.1,46.6,33.4,25.1,212.9,4.7,8.7,15.5,104.9,2.8,11.7,60.4,50.3,201.8,206.8,22.6,0.1,1.5,19.3,0.8,21.3,9.1,6.1,32.2,104,23.8,8.8,11.7,90.5,319.6,4.1,5.8,35.4,31.9,14.2,5.7,12.5,17.5,109,13.4,30.4,7.7,2.8,3.1,11.1,3.5,4.9,0,0,2296.4,89.7,0,9.7,99.4,0,0,0,0,0,165.1,,,50.5,215.6,315,2611.4
M71,0.9,0.8,0.1,8.6,3,1.9,0.5,5.3,0,3.8,4.2,0.7,5.6,2.7,3.6,3.7,49.4,11,54.5,179.7,2.7,2.2,11.7,50.7,7.1,8.1,109,0.9,88.3,75.2,11.3,0,0,20.7,0.1,0.1,1.1,4,26.9,31,0.2,0.2,0.5,86.1,11.6,293.8,1.7,12.4,72.9,0.9,0.2,0,6.5,56.8,1.7,3.1,0.4,0.6,0.3,0.6,0.8,0.1,0,0,1342.7,69.2,0,46.1,115.3,0.1,0,0,0,0.1,43.1,,,12.7,55.8,171.2,1513.9
M72,0,0,0,0,0,0,0,0,0,0,0,0,0,0,0,0,0,0,0,0,0,0,0,0,0,0,0,0,0,0,0,0,0,0,0,0,0,0,0,0,0,0,0,0,0,0.1,7.6,0,0,0,0,0,0,0,0,0,0,0,0,0,0,0,0,0,7.8,0,0,112.8,112.8,402.8,0,0,0,402.8,35.4,,,10.9,46.3,561.9,569.6
M73,2.4,0.1,0.1,1.3,80.4,5,1,7.5,0.3,3.1,2.7,2.3,8,4.9,9.9,2.6,68.6,6.9,7.9,8.3,1.9,2.8,8.7,6.2,0.2,1.4,16.2,43.5,173.4,133.3,5.4,0.2,0,1.6,4.2,13.8,11.7,16,63.7,25.8,25.7,11.1,5.2,32.2,23.7,1.2,0.2,498.4,3.1,8.3,1.1,6,21.5,10.1,2.5,6.5,3.9,15.3,5.4,5.8,0.8,0.8,0,0,1441.7,0,0,0,0,0,0,0,0,0,41,,,12.6,53.7,53.7,1495.3
M74_75,3,0.1,0,0,0.8,1.5,0,0.7,0.1,0,0.8,0.8,2.5,0.3,4.3,1.9,2.2,5.4,1.8,8.7,0.1,0.5,1.9,282.7,0,2.5,3,1.1,9.7,5.3,0.6,0.1,0,1.6,0,0.1,8,2,4.5,1.2,0.5,0.1,0.3,0.4,85.2,1.1,5.1,3.8,4.9,6,0,0,1,37.9,2,0.2,5.6,0.9,0.7,3.1,0,0,0,0,518.1,89.3,0,17.1,106.3,0.3,0,0,0,0.3,158,,,48.4,206.4,313.1,831.2
N77,10.4,0.2,0.2,12.1,30.2,4,4.1,4.1,1.5,0.8,7.1,0.6,15.7,5.9,11.8,8.6,81.2,9.3,11.8,90.2,0.6,2.2,5.3,16.9,3.2,7.2,51,12.3,45.7,54,75.7,0.1,3.3,4.9,0.9,2.5,3.7,7.5,25.5,17.1,8.4,0.3,0.7,11.4,34.7,0,2.5,13.4,1.7,28.5,0.6,1.9,8.1,6,5,21.6,0.2,20.8,9.9,0.7,0.1,0.5,0,0,826.3,39.7,0,0,39.7,0,0,0,0,0,31.8,,,9.8,41.6,81.3,907.7
N78,0.4,0,0,0.2,14.8,1.9,0.2,0.5,1.5,0.1,0.2,0.1,9.2,2.2,4.1,3.9,35.1,4.7,11.5,92.1,0.1,2.4,0.5,0.1,0,0.1,6.1,1.3,6.5,4.4,24.9,0,0.2,5,0.2,0.5,0.6,0.3,16.5,3.6,0.3,0.2,0.2,4.9,1.1,0.4,0.2,1.1,1.2,2.3,11.8,0,6.5,5.6,0.6,0,0.5,0.2,0.1,0.7,0,0.9,0,0,294.6,0,0,0,0,0,0,0,0,0,0,,,0,0,0,294.6
N79,0,0,0,0,0,0,0,0,0,0,0,0,0,0,0,0,0.4,0,0,0,0,0,0,0,0,0,0,0,0.2,0,0.1,0,0,2.2,0,0.6,0,0,0,0,0,0,0.1,0,0.6,0,0.1,0.4,0,0,0,81,0,1.2,0.2,0,0.1,0,0,0.1,0,0,0,0,87.4,377.2,0,0.2,377.4,0,0,0,0,0,15.5,,,0,15.5,393,480.3
N80-82,6,0.8,0.1,5.1,21.8,6.1,2.8,3.9,0.7,1.9,10.7,4.7,15.7,7.8,23.7,6.3,21.4,12.2,8.6,72,0.6,2.7,4,46.3,3.9,3.7,30.2,29.8,72.6,83.9,22.3,0.1,0.2,21.3,8.4,8.5,1.8,5.6,18.5,15.7,22.5,4.3,2.4,32.4,37.1,1.2,6.2,21.7,5.3,5.1,1.1,73.6,73.6,94.6,10.8,46.4,4.1,12.5,12.5,7.1,0.3,1.9,0,0,1088.6,119.7,0,28.6,148.3,0.1,0,0,0,0.1,0.2,,,0,0.2,148.6,1237.2
O,0.4,0.1,0,0,0.6,0.4,0,0.2,0.1,0.9,0.2,0,0.6,0.5,0,0.4,0.6,0.1,0.5,2.4,0.1,0.1,0.1,0.3,0,1.9,0.9,0.1,1.9,3.9,4.6,0,0,0.1,0,0.2,0,5.5,0,0.6,0.1,0.6,0.9,0.6,0,0.3,0.7,0.9,0.1,0,0,0.7,0.7,158.8,2.9,1.5,0.6,4,0.6,2,0,0,0,0,204.2,36,0,6230.8,6266.8,33.2,0,0,0,33.2,6.5,,,2,8.5,6308.4,6512.6
P,0.1,0.1,0,0.2,1.1,0.2,0.4,0.4,0,0.2,0.2,0.2,0.7,0.4,1.4,0.5,0.6,0.3,0.7,6.8,0.1,0.1,0.4,0.7,0.2,0.1,0.8,3.6,3.5,4.3,0.8,0,0,0.6,0.1,0.9,0.2,1.5,0.8,4.4,1.7,0.7,0.2,0.3,3.7,0.3,1.7,1.6,0.2,0.4,0.1,0,0.5,26.3,40.8,0.7,6.4,0.4,5.1,11.1,0.1,0.1,0,0,139.5,477.2,181.2,2054.2,2712.6,6.7,0,0,0,6.7,7.4,,,1.3,8.7,2728,2867.6
Q86,0.1,0,0,0,0.2,0,0.1,0,0,0,0,0,0.4,0.1,0.1,0,0.2,0,0.5,0.2,0,0.4,0,0,0,0,0.1,0,0.2,0.6,0.5,0,0.1,0.2,0,5.6,0,0.1,0,0.3,0,0,0,0.1,0.1,0,0.1,1,0,0,0,0,0.1,0.6,0.1,43.4,0.5,0,0.4,2.4,0,0,0,0,58.9,512.1,63.2,1971.3,2546.6,0,0,0,0,0,56.1,,,1.1,57.3,2603.8,2662.7
Q87_88,2.4,0.9,0,0,0.4,0,0,0,0,0,0,0,0,0,0,0,0,0,0,0,0,0,0,0,0,0,0,0,0,0,0,0,0,0,0,3.7,0,0.2,0,0,0,0,0,0,0,0.7,0,0,0.2,0,0,0,0,2.6,0.5,26.8,14.5,0,0,7.9,0,0,0,0,61,127.4,66,238.1,431.6,0.4,0,0,0,0.4,1.9,,,0,1.9,433.8,494.8
R90-92,0,0,0,0,0,0,0,0,0,0,0,0,0,0,0,0,8.8,0,0.2,0,0,0,0,0.2,0,0,0,0,0.1,0,0.1,0,0,0.4,0,0.5,0.3,0.8,0,0,0.1,0,0,0,0.3,0,0,0.2,0,2.6,0,0,0,1.4,0.4,0.1,0.4,123.2,0.7,0.8,0,0,0,0,141.7,947.8,1.6,221,1170.3,4.8,23.2,0,23.2,28,11.3,,,0.3,11.6,1210,1351.6
R93,0.3,0,0,0,0.1,0,0,0,0,0,0,0,0,0,0.1,0,0,0,0,0,0,0,0,0,0,0,0,0,0.1,0.1,0,0,0,0,0,0.4,0,0.4,0,0,0,0,0.1,0,0,0,0,1,0,0.3,0,0,0.3,20.1,0.8,0.3,0.9,1.3,20.7,1.5,0,0,0,0,48.8,156.4,63.5,20.7,240.6,0.1,0,0,0,0.1,32.2,,,8.9,41,281.7,330.5
S94,0.2,0.1,0,0,1,0.2,0,0.1,0.2,0,0,0,0,0.5,0.2,0.2,0.1,0.1,0.5,0,0,0.1,0,1,0,0,1,0.7,0.9,0.9,0.5,0,0,0.1,0,0.1,0.1,0.2,0.2,1.2,0.1,0.1,0,0.2,0.1,0,0,0.8,0,0,0,0,0.1,0.8,0.2,6.8,0.1,0.1,0.6,3.1,0,0,0,0,23.2,0,236.8,0.8,237.6,0,0,0,0,0,0,,,0,0,237.6,260.8
S95,0,0,0,0,0.1,0,0,0,0,0,0.3,0,0,0,0.1,0.1,0.2,0.2,0,0.1,0.1,0.1,0.7,0.1,0,0,3.6,0.1,2.3,2.2,0.4,0,0,0.5,0.3,1.9,0,1.2,12,1.1,0.5,0,0,0.4,1.2,0.2,0.7,0.1,0.1,0.1,0,0,0.2,14.6,2.2,2.7,1,0.7,0,1.5,0,0,0,0,54.1,125.3,0,0,125.3,0,0,0,0,0,1.2,,,0,1.2,126.5,180.6
S96,1.1,0.3,0,0.5,4.4,1.1,0.1,0.2,0.2,2.6,0.4,0.1,1.7,1.2,0.5,1.3,0.4,0.9,2.6,1.2,0,0.2,0.1,6.3,0.6,1.1,0.3,0.3,2.2,1.9,8.2,0,0,0.3,0,9.5,0.1,0.9,0,0.3,0,0.7,0.3,4.5,4.5,0.2,1.1,0.3,0.1,2.2,0.2,1.6,6.3,1.1,6.4,20.9,1,0.3,0.4,1.7,0,14.7,0,0,121.2,280.4,0,2,282.4,0,0,0,0,0,110.4,,,0,110.4,392.8,514
T,0,0,0,0,0,0,0,0,0,0,0,0,0,0,0,0,0,0,0,0,0,0,0,0,0,0,0,0,0,0,0,0,0,0,0,0,0,0,0,0,0,0,0,0,0,0,0,0,0,0,0,0,0,0,0,0,0,0,0,0,0,0,0,0,0,0,0,0,0,0,0,0,0,0,0,,,0,0,0,0
U,0,0,0,0,0,0,0,0,0,0,0,0,0,0,0,0,0,0,0,0,0,0,0,0,0,0,0,0,0,0,0,0,0,0,0,0,0,0,0,0,0,0,0,0,0,0,0,0,0,0,0,0,0,0,0,0,0,0,0,0,0,0,0,0,0,0,0,0,0,0,0,0,0,0,0,,,0,0,0,0
TOTAL,1433.3,484,7.1,251.8,2690.7,601.3,894.2,888.2,175.1,3024,1603.3,149.1,1961.9,972.8,3331.5,2491.7,5987.2,1819.8,1995.2,11147.9,348.3,720.8,858.4,8165.5,149,287.9,8121.7,638.2,3159.2,2282.5,3271.2,24,35.2,1862.3,227.1,701.6,313.9,239.6,983.7,858.9,917,636.2,325.8,2244,892.8,601.4,156.9,915.1,309.3,315.5,61.4,386,509.6,1714.3,605.7,1020.4,179.4,287.4,171.2,198.9,76.7,120,0,0,87804.2,34729.4,699.3,12711.2,48139.8,14641.2,23.2,1279.1,1302.3,15943.5,42304.8,,,8796.7,51101.5,115184.8,202989
P2_ADJ,1458.3,490.4,7.4,254.6,2696.9,604.1,908.1,888.6,176,3203.4,1720.6,149.6,1961.2,979,3362.1,2512.3,6012.5,1825.1,2000.6,11170,349.9,724.7,868.1,8249.8,149.9,303.1,8229.6,650.9,3206.1,2320.8,3461.6,27.6,39.4,1856.3,227.7,730.2,315.9,251.9,985.3,868,951.5,646.4,329.6,2301.6,901.9,608.1,168.5,922.3,315.8,322.8,61.7,388.9,517.3,1953.7,672.7,1044.1,198.3,299.1,181.8,221.1,79.1,123.2,0,0,89407.2,38353.5,699.3,12876.7,51929.5,14909.9,23.2,1294.6,1317.8,16227.7,42561.8,,,8843.8,51405.5,119562.7,208969.9
D1,349.9,133.2,5.1,139.4,551.3,327.5,198.3,126.5,63.8,74,133.2,35.2,366.6,244.9,439.4,516.7,277.9,382,516.1,701.1,83.8,228.4,311.2,426.8,102.7,192.1,1411.6,296.8,1584.1,1476.9,1029.8,16.1,14.6,409.6,190,485.2,100.5,68.6,312.4,561.1,589.9,164.2,70,391.8,632.9,191.5,272.9,292.6,117.3,71.3,200.4,25.6,452.3,2897.3,1822.2,1166.7,267.8,174.8,59.7,71.9,34.3,61.2,0,0,24912.5,,,,,,,,,,,,,,,,
D11,267,98.9,4.2,108.3,430.8,253.2,150.5,100.6,49.7,56.4,97.3,26.2,284.1,194,338.3,398,217.4,296.9,395.6,548.5,64.8,179.3,241.3,331.9,78.1,149.7,1104.1,225.8,1243.5,1158.3,800,13.3,12.1,309.8,141.2,379.6,80.8,54.7,248.1,443.4,462.2,127.9,54.3,302.7,519,158,208.7,241,97.9,55.9,165.3,20.2,365.6,2155.4,1359.3,904.2,199.3,134.1,48.2,56.1,26.2,45.9,0,0,19283,,,,,,,,,,,,,,,,
D29X39,-303.5,7.8,-0.6,3.5,-32,-2.2,1.9,1.6,0.7,4.1,8.2,11,5.1,9.3,10.3,8,0.5,2.5,6.2,7.6,1.6,-4.9,3.3,20.3,4.5,5.6,21.4,5.7,16.9,11.9,-395.4,0.7,0.1,37.6,3.4,3.1,0.7,9.9,6,1.9,24.6,1.5,1.1,32.3,5.4,2.1,3.9,3,1.7,9.3,-0.4,0.3,5.4,15.6,-0.1,-26.7,1.1,26.2,4.9,4.1,0.7,-0.4,0,0,-380.3,,,,,,,,,,,,,,,,
P51C,244.4,64,0.5,116.3,294.7,60,59,152.2,20.7,197,177.9,33.7,190.8,173.4,241.6,176.4,129,188.7,241,514.9,43.3,80.3,73,1333.5,176.1,130.5,161.1,57.4,265.2,247.5,454.4,19.3,16.1,389.6,77.6,74.2,61.2,127,761.3,85.8,428.3,69.9,6.2,2453.1,49,34,44.1,28.7,14.4,51.2,2.3,0.8,23.2,1708.1,270.6,165.9,16,36.1,17.8,9.9,4.1,2.7,0,0,13347,,,,,,,,,,,,,,,,
B2A3N,777,276.4,0.5,129.4,364.3,320.6,423.1,22.3,23,-70.4,88.8,73.4,159,94.3,300.1,1022.8,452.1,191.1,124.9,600.2,81.7,209.7,309.7,435.1,-113.2,98.3,3916.8,608.2,2084,1337.4,1275.8,-10.1,-3.7,-270,-4.2,259.3,112.2,-32.4,177.2,620.1,588.5,77.9,265.4,2172.9,816.9,371.7,63.9,189.7,250.2,309.6,30.6,56.7,238.9,-91.8,58.8,304.5,10.6,810.9,14.7,-46.2,61.2,323.9,0,0,23343.9,,,,,,,,,,,,,,,,
B2A3G,1021.4,340.4,1,245.7,659.1,380.6,482,174.4,43.7,126.7,266.7,107,349.8,267.7,541.7,1199.1,581.1,379.8,365.9,1115.1,124.9,290,382.7,1768.6,63,228.7,4077.9,665.6,2349.2,1584.9,1730.2,9.2,12.4,119.7,73.3,333.5,173.4,94.7,938.5,705.9,1016.8,147.9,271.6,4626,865.9,405.7,108,218.4,264.6,360.8,33,57.6,262.1,1616.3,329.4,470.4,26.6,846.9,32.5,-36.3,65.3,326.6,0,0,36690.9,,,,,,,,,,,,,,,,
B3G,,,,,,,,,,,,,,,,,,,,,,,,,,,,,,,,,,,,,,,,,,,,0,,,,,,,,,,,,,,,,,,,,,,,,,,,,,,,,,,,,,
B1G,1067.8,481.3,5.6,388.7,1178.4,705.9,682.2,302.5,108.2,204.8,408.1,153.2,721.5,521.8,991.5,1723.8,859.5,764.3,888.1,1823.8,210.4,513.5,697.2,2215.7,170.1,426.4,5510.8,968.1,3950.1,3073.7,2364.5,26.1,27.1,566.9,266.7,821.8,274.6,173.1,1256.9,1268.9,1631.2,313.5,342.7,5050.1,1504.1,599.2,384.9,514,383.6,441.4,232.9,83.4,719.8,4529.3,2151.6,1610.5,295.5,1048,97.1,39.6,100.2,387.4,0,0,61223.1,,,,,,,,,,,,,,,,
P1,2526.1,971.7,13,643.2,3875.3,1310,1590.3,1191.1,284.2,3408.2,2128.7,302.8,2682.6,1500.8,4353.6,4236.1,6872,2589.4,2888.6,12993.8,560.3,1238.2,1565.3,10465.5,320.1,729.5,13740.4,1619,7156.2,5394.5,5826.2,53.7,66.5,2423.2,494.4,1552,590.5,425,2242.2,2136.9,2582.8,959.9,672.3,7351.7,2406,1207.2,553.4,1436.3,699.4,764.2,294.6,472.3,1237.1,6483,2824.3,2654.5,493.8,1347,278.9,260.8,179.3,510.6,0,0,150630.3,,,,,,,,,,,,,,,,
IMP,,,,,,,,,,,,,,,,,,,,,,,,,,,,,,,,,,,,,,,,,,,,0,,,,,,,,,,,,,,,,,,,,,,,,,,,,,,,,,,,,,
D21X31,25.1,6.4,0.3,2.8,6.2,2.8,13.9,0.5,0.9,179.4,117.3,0.6,-0.7,6.2,30.6,20.6,25.3,5.3,5.4,22.1,1.7,3.9,9.7,84.2,0.9,15.2,107.9,12.6,47,38.3,190.5,3.6,4.2,-6,0.5,28.6,2.1,12.3,1.6,9.1,34.6,10.2,3.8,57.6,9.1,6.6,11.6,7.2,6.5,7.3,0.3,2.8,7.7,239.4,67,23.6,18.9,11.7,10.6,22.2,2.4,3.3,0,0,1603,3624.1,0,165.6,3789.6,268.7,0,15.5,15.5,284.2,257,,,47.1,304.1,4377.9,5980.9
P7_B0,565.7,25.7,4,764.6,2486.5,863.3,340.4,722.1,3.3,1170.3,2077.6,1197.2,1700.6,617.1,1573.1,1653.1,4352.4,2113,2670.3,5162.4,141.5,801.3,0,57.3,0,386.9,329.4,0,156.1,0,82.3,8.9,29.5,111.8,21.9,61,154.1,40.2,79.7,169,278.1,102.9,9.9,0,174.7,260.4,13.8,50.3,111.4,121.8,0,0,0,25.3,34.9,6.6,0,1.6,43.2,0,0,0,0,0,33928,,,,,,,,,,,,,,,,
P7_U2,,,,,,,,,,,,,,,,,,,,,,,,,,,,,,,,,,,,,,,,,,,,0,,,,,,,,,,,,,,,,,,,,,,,,,,,,,,,,,,,,,
P7_U3,,,,,,,,,,,,,,,,,,,,,,,,,,,,,,,,,,,,,,,,,,,,0,,,,,,,,,,,,,,,,,,,,,,,,,,,,,,,,,,,,,
P7_D0,247.2,9.5,0.3,4707.5,143.1,1035.1,34,39.6,0.7,78.5,419.5,260.2,280.3,101.8,435,394.2,4509.1,802.7,821.3,1392,104.6,303.7,0,3.2,0,10.4,57.6,0,27.3,0,14.4,1.6,5.2,19.5,3.8,10.7,18.4,11.2,13.9,29.5,33.2,18,1.7,0,30.5,45.4,2.4,8.8,19.5,21.3,0,0,0,4.3,6.1,1.1,0,0.2,7.5,0,0,0,0,0,16546.6,,,,,,,,,,,,,,,,
P7,812.9,35.2,4.3,5472.1,2629.5,1898.4,374.4,761.7,4,1248.8,2497.1,1457.5,1980.9,719,2008.1,2047.3,8861.5,2915.7,3491.6,6554.3,246.1,1105,0,60.5,0,397.4,386.9,0,183.4,0,96.7,10.5,34.6,131.3,25.8,71.6,172.5,51.5,93.6,198.6,311.2,120.9,11.6,0,205.2,305.8,16.3,59,130.9,143.1,0,0,0,29.6,41,7.8,0,1.8,50.7,0,0,0,0,0,50474.6,,,,,,,,,,,,,,,,
TS_BP,3339,1006.9,17.3,6115.4,6504.8,3208.3,1964.8,1952.8,288.1,4657,4625.8,1760.3,4663.5,2219.8,6361.7,6283.5,15733.5,5505.1,6380.2,19548.1,806.4,2343.2,1565.3,10526,320.1,1126.9,14127.3,1619,7339.6,5394.5,5922.8,64.2,101.1,2554.5,520.2,1623.6,763,476.5,2335.8,2335.4,2894,1080.8,683.9,7351.7,2611.2,1513,569.6,1495.3,830.3,907.3,294.6,472.3,1237.1,6512.6,2865.3,2662.3,493.8,1348.8,329.6,260.8,179.3,510.6,0,0,201104.9,,,,,,,,,,,,,,,,
